,real,p0,p1,p2,p3,p4,p5,p6,p7,p8,p9,p10,p11,p12,p13,p14,p15,p16,p17
0,1.0,4.0,4.0,3.0,4.0,4.0,4.0,4.0,4.0,4.0,4.0,4.0,4.0,4.0,4.0,3.0,4.0,4.0,4.0
1,1.0,1.0,1.0,2.0,2.0,1.0,2.0,1.0,1.0,1.0,2.0,1.0,2.0,1.0,1.0,3.0,1.0,1.0,1.0
2,1.0,1.0,1.0,2.0,2.0,2.0,2.0,2.0,1.0,1.0,2.0,1.0,2.0,2.0,2.0,3.0,1.0,1.0,1.0
3,1.0,2.0,1.0,2.0,1.0,1.0,2.0,1.0,1.0,1.0,2.0,2.0,1.0,1.0,1.0,3.0,2.0,2.0,1.0
4,1.0,1.0,1.0,2.0,2.0,1.0,2.0,1.0,1.0,1.0,2.0,1.0,2.0,1.0,1.0,3.0,1.0,1.0,1.0
5,1.0,3.0,3.0,3.0,3.0,3.0,2.0,3.0,3.0,3.0,2.0,2.0,3.0,3.0,3.0,3.0,2.0,2.0,3.0
6,1.0,3.0,3.0,3.0,3.0,3.0,2.0,3.0,3.0,3.0,2.0,3.0,3.0,3.0,3.0,3.0,3.0,3.0,3.0
7,1.0,3.0,4.0,3.0,4.0,4.0,2.0,3.0,3.0,2.0,2.0,3.0,4.0,3.0,3.0,3.0,3.0,3.0,3.0
8,1.0,2.0,2.0,3.0,3.0,3.0,4.0,3.0,3.0,4.0,4.0,3.0,3.0,4.0,3.0,3.0,3.0,3.0,3.0
9,1.0,4.0,4.0,4.0,4.0,4.0,4.0,4.0,4.0,4.0,4.0,4.0,4.0,4.0,4.0,3.0,4.0,4.0,4.0
10,1.0,4.0,4.0,4.0,4.0,4.0,4.0,4.0,4.0,4.0,4.0,4.0,4.0,4.0,4.0,3.0,4.0,4.0,4.0
11,1.0,3.0,4.0,3.0,4.0,4.0,2.0,3.0,3.0,2.0,2.0,3.0,4.0,3.0,3.0,3.0,3.0,3.0,3.0
12,1.0,1.0,1.0,2.0,1.0,1.0,2.0,1.0,1.0,1.0,2.0,1.0,1.0,1.0,1.0,3.0,1.0,1.0,1.0
13,1.0,1.0,1.0,2.0,2.0,2.0,2.0,2.0,1.0,1.0,2.0,1.0,2.0,2.0,2.0,3.0,1.0,1.0,1.0
14,1.0,1.0,1.0,2.0,2.0,1.0,2.0,1.0,1.0,1.0,2.0,1.0,2.0,1.0,1.0,3.0,1.0,1.0,1.0
15,1.0,3.0,2.0,3.0,2.0,2.0,2.0,2.0,2.0,3.0,2.0,2.0,2.0,3.0,2.0,3.0,2.0,3.0,3.0
16,1.0,2.0,2.0,2.0,2.0,2.0,4.0,3.0,2.0,3.0,4.0,2.0,2.0,4.0,3.0,3.0,1.0,2.0,3.0
17,1.0,1.0,1.0,2.0,1.0,1.0,2.0,1.0,0.0,0.0,2.0,1.0,1.0,0.0,0.0,3.0,1.0,1.0,1.0
18,1.0,1.0,1.0,2.0,1.0,1.0,2.0,1.0,0.0,0.0,2.0,1.0,1.0,0.0,0.0,3.0,1.0,1.0,1.0
19,1.0,2.0,1.0,2.0,1.0,1.0,2.0,1.0,1.0,1.0,2.0,2.0,1.0,1.0,1.0,3.0,2.0,2.0,1.0
20,1.0,2.0,3.0,3.0,2.0,2.0,2.0,3.0,3.0,3.0,2.0,3.0,2.0,3.0,2.0,3.0,3.0,2.0,3.0
21,1.0,3.0,4.0,3.0,4.0,4.0,2.0,3.0,3.0,4.0,2.0,3.0,4.0,3.0,3.0,3.0,3.0,3.0,3.0
22,1.0,5.0,4.0,4.0,4.0,4.0,4.0,4.0,4.0,4.0,4.0,4.0,4.0,4.0,4.0,3.0,4.0,5.0,4.0
23,1.0,3.0,4.0,4.0,3.0,3.0,2.0,3.0,3.0,3.0,2.0,4.0,3.0,3.0,3.0,3.0,4.0,3.0,3.0
24,1.0,2.0,2.0,3.0,3.0,3.0,2.0,3.0,3.0,3.0,2.0,2.0,3.0,3.0,2.0,3.0,2.0,2.0,3.0
25,1.0,1.0,1.0,2.0,1.0,1.0,2.0,1.0,1.0,1.0,2.0,1.0,1.0,1.0,1.0,3.0,1.0,1.0,1.0
26,1.0,3.0,3.0,3.0,3.0,3.0,4.0,3.0,3.0,3.0,4.0,3.0,3.0,4.0,3.0,3.0,3.0,4.0,4.0
27,1.0,1.0,0.0,2.0,0.0,0.0,2.0,1.0,1.0,1.0,2.0,1.0,0.0,0.0,0.0,0.0,1.0,1.0,1.0
28,1.0,2.0,1.0,2.0,1.0,1.0,2.0,1.0,1.0,1.0,2.0,2.0,1.0,1.0,1.0,3.0,2.0,2.0,1.0
29,1.0,2.0,2.0,3.0,3.0,3.0,4.0,3.0,3.0,4.0,4.0,3.0,3.0,4.0,3.0,3.0,3.0,3.0,3.0
30,1.0,1.0,0.0,2.0,0.0,0.0,2.0,1.0,1.0,1.0,2.0,1.0,0.0,0.0,0.0,0.0,1.0,1.0,1.0
31,1.0,2.0,2.0,2.0,2.0,2.0,2.0,2.0,2.0,2.0,2.0,2.0,2.0,2.0,2.0,3.0,2.0,2.0,3.0
32,1.0,1.0,1.0,2.0,2.0,1.0,2.0,1.0,1.0,1.0,2.0,1.0,2.0,1.0,1.0,3.0,1.0,1.0,1.0
33,1.0,1.0,1.0,2.0,1.0,1.0,2.0,1.0,1.0,1.0,2.0,1.0,1.0,1.0,1.0,3.0,1.0,1.0,1.0
34,1.0,2.0,1.0,2.0,1.0,1.0,2.0,1.0,1.0,1.0,2.0,2.0,1.0,1.0,1.0,3.0,2.0,2.0,1.0
35,6.0,4.0,4.0,4.0,4.0,4.0,4.0,4.0,4.0,4.0,4.0,4.0,4.0,4.0,4.0,3.0,4.0,4.0,4.0
36,6.0,3.0,2.0,3.0,2.0,2.0,2.0,2.0,2.0,3.0,2.0,2.0,2.0,3.0,2.0,3.0,2.0,3.0,3.0
37,6.0,5.0,4.0,4.0,4.0,4.0,4.0,4.0,4.0,4.0,4.0,4.0,4.0,4.0,4.0,3.0,4.0,5.0,4.0
38,6.0,8.0,8.0,6.0,8.0,8.0,4.0,8.0,8.0,8.0,4.0,8.0,8.0,8.0,8.0,8.0,8.0,6.0,4.0
39,6.0,6.0,6.0,4.0,6.0,6.0,4.0,6.0,6.0,6.0,4.0,6.0,6.0,6.0,6.0,3.0,6.0,5.0,4.0
40,6.0,5.0,4.0,4.0,4.0,4.0,4.0,4.0,4.0,4.0,4.0,4.0,4.0,4.0,4.0,3.0,4.0,5.0,4.0
41,6.0,6.0,6.0,4.0,6.0,6.0,4.0,6.0,5.0,6.0,4.0,5.0,6.0,6.0,6.0,3.0,5.0,5.0,4.0
42,6.0,4.0,4.0,3.0,5.0,5.0,4.0,5.0,4.0,4.0,4.0,4.0,5.0,4.0,5.0,3.0,4.0,4.0,4.0
43,6.0,3.0,3.0,3.0,3.0,3.0,4.0,3.0,3.0,3.0,4.0,3.0,3.0,4.0,3.0,3.0,3.0,4.0,4.0
44,6.0,3.0,3.0,3.0,3.0,3.0,2.0,3.0,3.0,3.0,2.0,3.0,3.0,3.0,3.0,3.0,3.0,3.0,3.0
45,6.0,4.0,4.0,3.0,4.0,4.0,4.0,5.0,4.0,3.0,4.0,4.0,4.0,4.0,4.0,3.0,4.0,4.0,4.0
46,6.0,5.0,6.0,4.0,6.0,6.0,4.0,6.0,5.0,6.0,4.0,5.0,6.0,6.0,6.0,3.0,5.0,4.0,4.0
47,6.0,4.0,4.0,3.0,4.0,4.0,4.0,4.0,4.0,4.0,4.0,4.0,4.0,4.0,4.0,3.0,4.0,4.0,4.0
48,6.0,0.0,0.0,2.0,0.0,0.0,2.0,0.0,0.0,1.0,2.0,0.0,0.0,0.0,0.0,0.0,0.0,1.0,1.0
49,6.0,2.0,1.0,2.0,1.0,1.0,2.0,1.0,1.0,1.0,2.0,2.0,1.0,1.0,1.0,3.0,2.0,2.0,1.0
50,6.0,3.0,2.0,3.0,2.0,2.0,2.0,2.0,2.0,1.0,2.0,3.0,2.0,1.0,0.0,3.0,3.0,2.0,3.0
51,6.0,6.0,6.0,4.0,6.0,6.0,4.0,6.0,5.0,6.0,4.0,5.0,6.0,6.0,6.0,3.0,5.0,5.0,4.0
52,6.0,5.0,6.0,4.0,6.0,6.0,4.0,6.0,5.0,6.0,4.0,5.0,6.0,6.0,6.0,3.0,5.0,4.0,4.0
53,6.0,2.0,2.0,3.0,3.0,3.0,2.0,3.0,3.0,3.0,2.0,2.0,3.0,3.0,2.0,3.0,2.0,2.0,3.0
54,6.0,5.0,6.0,4.0,6.0,6.0,4.0,5.0,5.0,6.0,4.0,5.0,6.0,4.0,6.0,3.0,5.0,5.0,4.0
55,6.0,5.0,6.0,4.0,6.0,6.0,4.0,6.0,5.0,6.0,4.0,5.0,6.0,6.0,6.0,3.0,5.0,4.0,4.0
56,6.0,2.0,2.0,3.0,3.0,3.0,2.0,3.0,3.0,3.0,2.0,2.0,3.0,3.0,2.0,3.0,2.0,2.0,3.0
57,5.0,4.0,4.0,3.0,4.0,4.0,4.0,4.0,4.0,4.0,4.0,4.0,4.0,4.0,4.0,3.0,4.0,4.0,4.0
58,5.0,3.0,4.0,3.0,4.0,4.0,2.0,3.0,4.0,3.0,2.0,3.0,4.0,3.0,3.0,3.0,3.0,3.0,3.0
59,5.0,3.0,4.0,3.0,4.0,4.0,2.0,3.0,4.0,3.0,2.0,3.0,4.0,3.0,3.0,3.0,3.0,3.0,3.0
60,5.0,4.0,4.0,3.0,4.0,4.0,4.0,4.0,4.0,4.0,4.0,4.0,4.0,4.0,4.0,3.0,4.0,4.0,4.0
61,5.0,4.0,4.0,4.0,4.0,4.0,4.0,3.0,3.0,4.0,4.0,4.0,4.0,4.0,4.0,3.0,4.0,4.0,3.0
62,5.0,8.0,8.0,6.0,8.0,8.0,4.0,8.0,8.0,8.0,4.0,8.0,8.0,8.0,8.0,8.0,8.0,6.0,4.0
63,5.0,4.0,3.0,3.0,3.0,3.0,2.0,3.0,3.0,3.0,2.0,3.0,3.0,3.0,2.0,3.0,3.0,3.0,3.0
64,5.0,5.0,4.0,4.0,4.0,4.0,4.0,4.0,4.0,4.0,4.0,4.0,4.0,4.0,4.0,3.0,4.0,5.0,4.0
65,5.0,2.0,3.0,3.0,2.0,2.0,2.0,3.0,3.0,3.0,2.0,3.0,2.0,3.0,2.0,3.0,3.0,2.0,3.0
66,5.0,4.0,3.0,3.0,3.0,3.0,2.0,3.0,3.0,3.0,2.0,3.0,3.0,3.0,2.0,3.0,3.0,3.0,3.0
67,5.0,2.0,2.0,2.0,2.0,2.0,2.0,2.0,2.0,2.0,2.0,2.0,2.0,2.0,2.0,3.0,2.0,2.0,3.0
68,5.0,4.0,4.0,3.0,4.0,4.0,4.0,5.0,4.0,3.0,4.0,4.0,4.0,4.0,4.0,3.0,4.0,4.0,4.0
69,5.0,3.0,3.0,3.0,3.0,3.0,2.0,3.0,3.0,3.0,2.0,2.0,3.0,3.0,3.0,3.0,2.0,2.0,3.0
70,5.0,3.0,4.0,3.0,4.0,4.0,2.0,3.0,3.0,4.0,2.0,3.0,4.0,3.0,3.0,3.0,3.0,3.0,3.0
71,5.0,3.0,2.0,3.0,2.0,2.0,2.0,2.0,2.0,3.0,2.0,3.0,2.0,3.0,2.0,3.0,2.0,2.0,3.0
72,5.0,2.0,2.0,3.0,3.0,3.0,2.0,3.0,3.0,3.0,2.0,3.0,3.0,3.0,2.0,3.0,3.0,2.0,3.0
73,5.0,4.0,4.0,3.0,5.0,5.0,4.0,5.0,4.0,4.0,4.0,4.0,5.0,4.0,5.0,3.0,4.0,4.0,4.0
74,5.0,4.0,4.0,3.0,4.0,4.0,4.0,5.0,4.0,3.0,4.0,4.0,4.0,4.0,4.0,3.0,4.0,4.0,4.0
75,5.0,4.0,4.0,3.0,5.0,5.0,4.0,5.0,4.0,4.0,4.0,4.0,5.0,4.0,5.0,3.0,4.0,4.0,4.0
76,5.0,4.0,4.0,4.0,4.0,4.0,4.0,3.0,3.0,4.0,4.0,4.0,4.0,4.0,4.0,3.0,4.0,4.0,3.0
77,5.0,2.0,3.0,2.0,3.0,3.0,4.0,3.0,3.0,4.0,4.0,2.0,3.0,4.0,3.0,3.0,2.0,2.0,3.0
78,5.0,6.0,6.0,4.0,6.0,6.0,4.0,6.0,5.0,6.0,4.0,5.0,6.0,6.0,6.0,3.0,5.0,5.0,4.0
79,5.0,3.0,3.0,3.0,3.0,3.0,2.0,3.0,3.0,3.0,2.0,3.0,3.0,3.0,3.0,3.0,3.0,3.0,3.0
80,5.0,4.0,4.0,3.0,5.0,5.0,4.0,5.0,4.0,4.0,4.0,4.0,5.0,4.0,5.0,3.0,4.0,4.0,4.0
81,5.0,1.0,1.0,2.0,1.0,1.0,2.0,1.0,0.0,0.0,2.0,1.0,1.0,0.0,0.0,3.0,1.0,1.0,1.0
82,5.0,5.0,6.0,4.0,6.0,6.0,4.0,5.0,5.0,6.0,4.0,5.0,6.0,4.0,6.0,3.0,5.0,5.0,4.0
83,5.0,1.0,1.0,2.0,2.0,2.0,2.0,2.0,1.0,1.0,2.0,1.0,2.0,2.0,2.0,3.0,1.0,1.0,1.0
84,5.0,4.0,4.0,4.0,4.0,4.0,4.0,4.0,4.0,4.0,4.0,4.0,4.0,4.0,4.0,3.0,4.0,4.0,4.0
85,5.0,1.0,1.0,2.0,2.0,2.0,2.0,2.0,1.0,1.0,2.0,1.0,2.0,2.0,2.0,3.0,1.0,1.0,1.0
86,5.0,2.0,3.0,3.0,3.0,3.0,2.0,3.0,3.0,3.0,2.0,3.0,3.0,3.0,2.0,3.0,3.0,2.0,3.0
87,4.0,3.0,4.0,3.0,4.0,4.0,2.0,3.0,4.0,3.0,2.0,3.0,4.0,3.0,3.0,3.0,3.0,3.0,3.0
88,4.0,4.0,4.0,4.0,3.0,3.0,4.0,4.0,4.0,4.0,4.0,4.0,3.0,4.0,4.0,3.0,4.0,4.0,4.0
89,4.0,3.0,3.0,3.0,3.0,3.0,2.0,3.0,3.0,3.0,2.0,3.0,3.0,3.0,3.0,3.0,3.0,3.0,3.0
90,4.0,3.0,3.0,3.0,3.0,3.0,2.0,3.0,3.0,3.0,2.0,2.0,3.0,3.0,3.0,3.0,2.0,2.0,3.0
91,4.0,3.0,3.0,3.0,3.0,3.0,2.0,3.0,3.0,3.0,2.0,3.0,3.0,3.0,3.0,3.0,3.0,3.0,3.0
92,4.0,5.0,6.0,4.0,6.0,6.0,4.0,6.0,5.0,6.0,4.0,5.0,6.0,6.0,6.0,3.0,5.0,4.0,4.0
93,4.0,2.0,2.0,3.0,3.0,3.0,4.0,3.0,3.0,4.0,4.0,3.0,3.0,4.0,3.0,3.0,3.0,3.0,3.0
94,4.0,4.0,4.0,4.0,4.0,4.0,4.0,4.0,4.0,4.0,4.0,4.0,4.0,4.0,4.0,3.0,4.0,4.0,4.0
95,4.0,2.0,2.0,3.0,3.0,3.0,2.0,3.0,3.0,3.0,2.0,3.0,3.0,3.0,2.0,3.0,3.0,2.0,3.0
96,4.0,2.0,2.0,2.0,2.0,1.0,2.0,1.0,2.0,1.0,2.0,2.0,2.0,1.0,1.0,3.0,2.0,2.0,1.0
97,4.0,2.0,1.0,2.0,1.0,1.0,2.0,1.0,1.0,1.0,2.0,2.0,1.0,1.0,1.0,3.0,2.0,2.0,1.0
98,4.0,3.0,4.0,3.0,4.0,4.0,2.0,3.0,3.0,4.0,2.0,3.0,4.0,3.0,3.0,3.0,3.0,3.0,3.0
99,4.0,4.0,4.0,4.0,3.0,3.0,4.0,4.0,4.0,4.0,4.0,4.0,3.0,4.0,4.0,3.0,4.0,4.0,4.0
100,4.0,4.0,4.0,4.0,4.0,4.0,4.0,4.0,4.0,4.0,4.0,4.0,4.0,4.0,4.0,3.0,4.0,4.0,4.0
101,4.0,2.0,2.0,3.0,3.0,3.0,4.0,3.0,3.0,4.0,4.0,3.0,3.0,4.0,3.0,3.0,3.0,3.0,3.0
102,4.0,3.0,4.0,3.0,4.0,4.0,2.0,3.0,4.0,3.0,2.0,3.0,4.0,3.0,3.0,3.0,3.0,3.0,3.0
103,4.0,3.0,4.0,3.0,4.0,4.0,2.0,3.0,3.0,4.0,2.0,3.0,4.0,3.0,3.0,3.0,3.0,3.0,3.0
104,4.0,3.0,4.0,3.0,4.0,4.0,2.0,3.0,4.0,3.0,2.0,3.0,4.0,3.0,3.0,3.0,3.0,3.0,3.0
105,4.0,4.0,4.0,3.0,4.0,4.0,4.0,4.0,4.0,4.0,4.0,4.0,4.0,4.0,4.0,3.0,4.0,4.0,4.0
106,4.0,4.0,3.0,3.0,3.0,3.0,2.0,3.0,3.0,3.0,2.0,3.0,3.0,3.0,2.0,3.0,3.0,3.0,3.0
107,4.0,2.0,3.0,2.0,3.0,3.0,4.0,3.0,3.0,4.0,4.0,2.0,3.0,4.0,3.0,3.0,2.0,2.0,3.0
108,4.0,4.0,4.0,4.0,4.0,4.0,4.0,4.0,4.0,4.0,4.0,4.0,4.0,4.0,4.0,3.0,4.0,4.0,4.0
109,4.0,4.0,4.0,4.0,4.0,4.0,4.0,4.0,4.0,4.0,4.0,4.0,4.0,4.0,4.0,3.0,4.0,4.0,4.0
110,4.0,1.0,1.0,2.0,2.0,1.0,2.0,1.0,1.0,1.0,2.0,1.0,2.0,1.0,1.0,3.0,1.0,1.0,1.0
111,4.0,5.0,6.0,4.0,6.0,6.0,4.0,5.0,5.0,6.0,4.0,5.0,6.0,4.0,6.0,3.0,5.0,5.0,4.0
112,4.0,5.0,4.0,4.0,4.0,4.0,4.0,4.0,4.0,4.0,4.0,4.0,4.0,4.0,4.0,3.0,4.0,5.0,4.0
113,4.0,2.0,3.0,2.0,3.0,3.0,4.0,3.0,3.0,4.0,4.0,2.0,3.0,4.0,3.0,3.0,2.0,2.0,3.0
114,4.0,2.0,3.0,3.0,3.0,3.0,2.0,3.0,3.0,3.0,2.0,3.0,3.0,3.0,2.0,3.0,3.0,2.0,3.0
115,4.0,4.0,4.0,4.0,3.0,3.0,4.0,4.0,4.0,4.0,4.0,4.0,3.0,4.0,4.0,3.0,4.0,4.0,4.0
116,4.0,3.0,4.0,3.0,4.0,4.0,2.0,3.0,3.0,2.0,2.0,3.0,4.0,3.0,3.0,3.0,3.0,3.0,3.0
117,4.0,4.0,4.0,3.0,4.0,4.0,4.0,4.0,4.0,4.0,4.0,4.0,4.0,4.0,4.0,3.0,4.0,4.0,4.0
118,4.0,2.0,2.0,2.0,2.0,2.0,4.0,3.0,2.0,3.0,4.0,2.0,2.0,4.0,3.0,3.0,1.0,2.0,3.0
119,4.0,3.0,2.0,3.0,2.0,2.0,2.0,2.0,2.0,1.0,2.0,3.0,2.0,1.0,0.0,3.0,3.0,2.0,3.0
120,4.0,4.0,4.0,3.0,5.0,5.0,4.0,5.0,4.0,4.0,4.0,4.0,5.0,4.0,5.0,3.0,4.0,4.0,4.0
121,4.0,3.0,3.0,3.0,3.0,3.0,2.0,3.0,3.0,3.0,2.0,3.0,3.0,3.0,3.0,3.0,3.0,3.0,3.0
122,4.0,3.0,4.0,3.0,4.0,4.0,2.0,3.0,3.0,4.0,2.0,3.0,4.0,3.0,3.0,3.0,3.0,3.0,3.0
123,4.0,3.0,3.0,4.0,4.0,3.0,2.0,3.0,3.0,3.0,2.0,4.0,4.0,3.0,2.0,3.0,4.0,3.0,3.0
124,4.0,3.0,4.0,4.0,3.0,3.0,2.0,3.0,3.0,3.0,2.0,4.0,3.0,3.0,3.0,3.0,4.0,3.0,3.0
125,4.0,4.0,4.0,4.0,4.0,4.0,4.0,4.0,4.0,4.0,4.0,4.0,4.0,4.0,4.0,3.0,4.0,4.0,4.0
126,3.0,4.0,4.0,4.0,3.0,3.0,4.0,4.0,4.0,4.0,4.0,4.0,3.0,4.0,4.0,3.0,4.0,4.0,4.0
127,3.0,3.0,4.0,4.0,3.0,3.0,2.0,3.0,3.0,3.0,2.0,4.0,3.0,3.0,3.0,3.0,4.0,3.0,3.0
128,3.0,2.0,1.0,2.0,1.0,1.0,2.0,1.0,1.0,1.0,2.0,2.0,1.0,1.0,1.0,3.0,2.0,2.0,1.0
129,3.0,2.0,2.0,2.0,2.0,2.0,2.0,2.0,2.0,2.0,2.0,2.0,2.0,2.0,2.0,3.0,2.0,2.0,3.0
130,3.0,2.0,3.0,3.0,2.0,2.0,2.0,3.0,3.0,3.0,2.0,3.0,2.0,3.0,2.0,3.0,3.0,2.0,3.0
131,3.0,3.0,4.0,4.0,3.0,3.0,2.0,3.0,3.0,3.0,2.0,4.0,3.0,3.0,3.0,3.0,4.0,3.0,3.0
132,3.0,3.0,3.0,3.0,3.0,3.0,2.0,3.0,3.0,3.0,2.0,2.0,3.0,3.0,3.0,3.0,2.0,2.0,3.0
133,3.0,2.0,2.0,3.0,3.0,3.0,2.0,3.0,3.0,3.0,2.0,2.0,3.0,3.0,2.0,3.0,2.0,2.0,3.0
134,3.0,4.0,4.0,3.0,4.0,4.0,4.0,5.0,4.0,3.0,4.0,4.0,4.0,4.0,4.0,3.0,4.0,4.0,4.0
135,3.0,3.0,3.0,3.0,3.0,3.0,4.0,3.0,3.0,3.0,4.0,3.0,3.0,4.0,3.0,3.0,3.0,4.0,4.0
136,3.0,3.0,3.0,3.0,3.0,3.0,2.0,3.0,3.0,3.0,2.0,3.0,3.0,3.0,3.0,3.0,3.0,3.0,3.0
137,3.0,3.0,4.0,3.0,4.0,4.0,2.0,3.0,4.0,3.0,2.0,3.0,4.0,3.0,3.0,3.0,3.0,3.0,3.0
138,3.0,2.0,3.0,3.0,2.0,2.0,2.0,3.0,3.0,3.0,2.0,3.0,2.0,3.0,2.0,3.0,3.0,2.0,3.0
139,3.0,3.0,3.0,3.0,3.0,3.0,2.0,3.0,3.0,3.0,2.0,2.0,3.0,3.0,3.0,3.0,2.0,2.0,3.0
140,3.0,2.0,3.0,3.0,2.0,2.0,2.0,3.0,3.0,3.0,2.0,3.0,2.0,3.0,2.0,3.0,3.0,2.0,3.0
141,3.0,2.0,3.0,3.0,3.0,3.0,2.0,3.0,3.0,3.0,2.0,3.0,3.0,3.0,2.0,3.0,3.0,2.0,3.0
142,3.0,3.0,4.0,3.0,4.0,4.0,2.0,3.0,3.0,4.0,2.0,3.0,4.0,3.0,3.0,3.0,3.0,3.0,3.0
143,3.0,2.0,3.0,3.0,2.0,2.0,2.0,3.0,3.0,3.0,2.0,3.0,2.0,3.0,2.0,3.0,3.0,2.0,3.0
144,3.0,2.0,2.0,3.0,3.0,3.0,2.0,3.0,3.0,3.0,2.0,2.0,3.0,3.0,2.0,3.0,2.0,2.0,3.0
145,3.0,5.0,4.0,4.0,4.0,4.0,4.0,4.0,4.0,4.0,4.0,4.0,4.0,4.0,4.0,3.0,4.0,5.0,4.0
146,3.0,3.0,3.0,3.0,3.0,3.0,2.0,3.0,3.0,3.0,2.0,2.0,3.0,3.0,3.0,3.0,2.0,2.0,3.0
147,3.0,4.0,4.0,3.0,4.0,4.0,4.0,5.0,4.0,3.0,4.0,4.0,4.0,4.0,4.0,3.0,4.0,4.0,4.0
148,3.0,3.0,3.0,4.0,4.0,3.0,2.0,3.0,3.0,3.0,2.0,4.0,4.0,3.0,2.0,3.0,4.0,3.0,3.0
149,3.0,5.0,4.0,4.0,4.0,4.0,4.0,4.0,4.0,4.0,4.0,4.0,4.0,4.0,4.0,3.0,4.0,5.0,4.0
150,3.0,2.0,3.0,3.0,3.0,3.0,2.0,3.0,3.0,3.0,2.0,3.0,3.0,3.0,2.0,3.0,3.0,2.0,3.0
151,3.0,5.0,4.0,4.0,4.0,4.0,4.0,4.0,4.0,4.0,4.0,4.0,4.0,4.0,4.0,3.0,4.0,5.0,4.0
152,3.0,2.0,2.0,3.0,3.0,3.0,2.0,3.0,3.0,3.0,2.0,3.0,3.0,3.0,2.0,3.0,3.0,2.0,3.0
153,3.0,4.0,4.0,4.0,4.0,4.0,4.0,4.0,4.0,4.0,4.0,4.0,4.0,4.0,4.0,3.0,4.0,4.0,4.0
154,3.0,2.0,3.0,2.0,3.0,3.0,4.0,3.0,3.0,4.0,4.0,2.0,3.0,4.0,3.0,3.0,2.0,2.0,3.0
155,3.0,3.0,3.0,3.0,3.0,3.0,2.0,3.0,3.0,3.0,2.0,3.0,3.0,3.0,3.0,3.0,3.0,3.0,3.0
156,3.0,4.0,4.0,3.0,4.0,4.0,4.0,5.0,4.0,3.0,4.0,4.0,4.0,4.0,4.0,3.0,4.0,4.0,4.0
157,3.0,3.0,4.0,3.0,4.0,4.0,2.0,3.0,4.0,3.0,2.0,3.0,4.0,3.0,3.0,3.0,3.0,3.0,3.0
158,3.0,4.0,4.0,3.0,5.0,5.0,4.0,5.0,4.0,4.0,4.0,4.0,5.0,4.0,5.0,3.0,4.0,4.0,4.0
159,3.0,3.0,4.0,4.0,3.0,3.0,2.0,3.0,3.0,3.0,2.0,4.0,3.0,3.0,3.0,3.0,4.0,3.0,3.0
160,3.0,4.0,4.0,4.0,3.0,3.0,4.0,4.0,4.0,4.0,4.0,4.0,3.0,4.0,4.0,3.0,4.0,4.0,4.0
161,3.0,2.0,2.0,3.0,3.0,3.0,2.0,3.0,3.0,3.0,2.0,3.0,3.0,3.0,2.0,3.0,3.0,2.0,3.0
162,3.0,3.0,3.0,3.0,3.0,3.0,2.0,3.0,3.0,3.0,2.0,2.0,3.0,3.0,3.0,3.0,2.0,2.0,3.0
163,3.0,3.0,3.0,3.0,3.0,3.0,2.0,3.0,3.0,3.0,2.0,3.0,3.0,3.0,3.0,3.0,3.0,3.0,3.0
164,3.0,3.0,3.0,3.0,3.0,3.0,4.0,3.0,3.0,3.0,4.0,3.0,3.0,4.0,3.0,3.0,3.0,4.0,4.0
165,3.0,3.0,3.0,3.0,3.0,3.0,4.0,3.0,3.0,3.0,4.0,3.0,3.0,4.0,3.0,3.0,3.0,4.0,4.0
166,3.0,6.0,6.0,4.0,6.0,6.0,4.0,6.0,5.0,6.0,4.0,5.0,6.0,6.0,6.0,3.0,5.0,5.0,4.0
167,3.0,1.0,1.0,2.0,2.0,2.0,2.0,2.0,1.0,1.0,2.0,1.0,2.0,2.0,2.0,3.0,1.0,1.0,1.0
168,3.0,4.0,4.0,3.0,5.0,5.0,4.0,5.0,4.0,4.0,4.0,4.0,5.0,4.0,5.0,3.0,4.0,4.0,4.0
169,0.0,1.0,1.0,2.0,1.0,1.0,2.0,1.0,0.0,0.0,2.0,1.0,1.0,0.0,0.0,3.0,1.0,1.0,1.0
170,0.0,1.0,1.0,2.0,1.0,1.0,2.0,1.0,1.0,1.0,2.0,1.0,1.0,1.0,1.0,3.0,1.0,1.0,1.0
171,0.0,0.0,0.0,2.0,0.0,0.0,2.0,0.0,0.0,1.0,2.0,0.0,0.0,0.0,0.0,0.0,0.0,1.0,1.0
172,0.0,2.0,3.0,3.0,2.0,2.0,2.0,3.0,3.0,3.0,2.0,3.0,2.0,3.0,2.0,3.0,3.0,2.0,3.0
173,0.0,2.0,2.0,3.0,3.0,3.0,4.0,3.0,3.0,4.0,4.0,3.0,3.0,4.0,3.0,3.0,3.0,3.0,3.0
174,0.0,2.0,3.0,3.0,3.0,3.0,2.0,3.0,3.0,3.0,2.0,3.0,3.0,3.0,2.0,3.0,3.0,2.0,3.0
175,0.0,2.0,1.0,2.0,1.0,1.0,2.0,1.0,1.0,1.0,2.0,2.0,1.0,1.0,1.0,3.0,2.0,2.0,1.0
176,0.0,2.0,2.0,3.0,3.0,3.0,2.0,3.0,3.0,3.0,2.0,2.0,3.0,3.0,2.0,3.0,2.0,2.0,3.0
177,0.0,1.0,1.0,2.0,2.0,2.0,2.0,2.0,1.0,1.0,2.0,1.0,2.0,2.0,2.0,3.0,1.0,1.0,1.0
178,0.0,2.0,2.0,2.0,2.0,2.0,2.0,2.0,2.0,2.0,2.0,2.0,2.0,2.0,2.0,3.0,2.0,2.0,3.0
179,0.0,4.0,4.0,4.0,4.0,4.0,4.0,3.0,3.0,4.0,4.0,4.0,4.0,4.0,4.0,3.0,4.0,4.0,3.0
180,0.0,2.0,2.0,2.0,2.0,1.0,2.0,1.0,2.0,1.0,2.0,2.0,2.0,1.0,1.0,3.0,2.0,2.0,1.0
181,0.0,1.0,0.0,2.0,0.0,0.0,2.0,1.0,1.0,1.0,2.0,1.0,0.0,0.0,0.0,0.0,1.0,1.0,1.0
182,0.0,1.0,1.0,2.0,1.0,1.0,2.0,1.0,0.0,0.0,2.0,1.0,1.0,0.0,0.0,3.0,1.0,1.0,1.0
183,0.0,1.0,1.0,2.0,1.0,1.0,2.0,1.0,1.0,1.0,2.0,1.0,1.0,1.0,1.0,3.0,1.0,1.0,1.0
184,0.0,1.0,1.0,2.0,1.0,1.0,2.0,1.0,0.0,0.0,2.0,1.0,1.0,0.0,0.0,3.0,1.0,1.0,1.0
185,0.0,2.0,2.0,3.0,3.0,3.0,4.0,3.0,3.0,4.0,4.0,3.0,3.0,4.0,3.0,3.0,3.0,3.0,3.0
186,0.0,1.0,1.0,2.0,2.0,1.0,2.0,1.0,1.0,1.0,2.0,1.0,2.0,1.0,1.0,3.0,1.0,1.0,1.0
187,0.0,1.0,1.0,2.0,1.0,1.0,2.0,1.0,1.0,1.0,2.0,1.0,1.0,1.0,1.0,3.0,1.0,1.0,1.0
188,0.0,1.0,1.0,2.0,1.0,1.0,2.0,1.0,0.0,0.0,2.0,1.0,1.0,0.0,0.0,3.0,1.0,1.0,1.0
189,0.0,2.0,1.0,2.0,1.0,1.0,2.0,1.0,1.0,1.0,2.0,2.0,1.0,1.0,1.0,3.0,2.0,2.0,1.0
190,0.0,1.0,0.0,2.0,0.0,0.0,2.0,1.0,1.0,1.0,2.0,1.0,0.0,0.0,0.0,0.0,1.0,1.0,1.0
191,0.0,1.0,0.0,2.0,0.0,0.0,2.0,1.0,1.0,1.0,2.0,1.0,0.0,0.0,0.0,0.0,1.0,1.0,1.0
192,7.0,6.0,6.0,4.0,6.0,6.0,4.0,6.0,5.0,6.0,4.0,5.0,6.0,6.0,6.0,3.0,5.0,5.0,4.0
193,7.0,5.0,6.0,4.0,6.0,6.0,4.0,6.0,5.0,6.0,4.0,5.0,6.0,6.0,6.0,3.0,5.0,4.0,4.0
194,7.0,6.0,6.0,4.0,6.0,6.0,4.0,6.0,5.0,6.0,4.0,5.0,6.0,6.0,6.0,3.0,5.0,5.0,4.0
195,7.0,6.0,6.0,4.0,6.0,6.0,4.0,6.0,5.0,6.0,4.0,5.0,6.0,6.0,6.0,3.0,5.0,5.0,4.0
196,7.0,2.0,2.0,3.0,3.0,3.0,4.0,3.0,3.0,4.0,4.0,3.0,3.0,4.0,3.0,3.0,3.0,3.0,3.0
197,7.0,5.0,6.0,4.0,6.0,6.0,4.0,6.0,5.0,6.0,4.0,5.0,6.0,6.0,6.0,3.0,5.0,4.0,4.0
198,7.0,6.0,6.0,4.0,6.0,6.0,4.0,6.0,6.0,6.0,4.0,6.0,6.0,6.0,6.0,3.0,6.0,5.0,4.0
199,7.0,5.0,6.0,4.0,6.0,6.0,4.0,6.0,5.0,6.0,4.0,5.0,6.0,6.0,6.0,3.0,5.0,4.0,4.0
200,2.0,2.0,3.0,3.0,3.0,3.0,2.0,3.0,3.0,3.0,2.0,3.0,3.0,3.0,2.0,3.0,3.0,2.0,3.0
201,2.0,0.0,0.0,2.0,0.0,0.0,2.0,0.0,0.0,1.0,2.0,0.0,0.0,0.0,0.0,0.0,0.0,1.0,1.0
202,2.0,3.0,3.0,3.0,3.0,3.0,2.0,3.0,3.0,3.0,2.0,3.0,3.0,3.0,3.0,3.0,3.0,3.0,3.0
203,2.0,2.0,3.0,2.0,3.0,3.0,4.0,3.0,3.0,4.0,4.0,2.0,3.0,4.0,3.0,3.0,2.0,2.0,3.0
204,2.0,3.0,2.0,3.0,2.0,2.0,2.0,2.0,2.0,3.0,2.0,2.0,2.0,3.0,2.0,3.0,2.0,3.0,3.0
205,2.0,3.0,2.0,3.0,2.0,2.0,2.0,2.0,2.0,3.0,2.0,2.0,2.0,3.0,2.0,3.0,2.0,3.0,3.0
206,2.0,2.0,3.0,2.0,3.0,3.0,4.0,3.0,3.0,4.0,4.0,2.0,3.0,4.0,3.0,3.0,2.0,2.0,3.0
207,2.0,4.0,4.0,4.0,4.0,4.0,4.0,3.0,3.0,4.0,4.0,4.0,4.0,4.0,4.0,3.0,4.0,4.0,3.0
208,2.0,4.0,4.0,4.0,3.0,3.0,4.0,4.0,4.0,4.0,4.0,4.0,3.0,4.0,4.0,3.0,4.0,4.0,4.0
209,2.0,2.0,3.0,3.0,2.0,2.0,2.0,3.0,3.0,3.0,2.0,3.0,2.0,3.0,2.0,3.0,3.0,2.0,3.0
210,2.0,4.0,4.0,4.0,4.0,4.0,4.0,4.0,4.0,4.0,4.0,4.0,4.0,4.0,4.0,3.0,4.0,4.0,4.0
211,2.0,1.0,1.0,2.0,1.0,1.0,2.0,1.0,1.0,1.0,2.0,1.0,1.0,1.0,1.0,3.0,1.0,1.0,1.0
212,2.0,3.0,4.0,3.0,4.0,4.0,2.0,3.0,3.0,4.0,2.0,3.0,4.0,3.0,3.0,3.0,3.0,3.0,3.0
213,2.0,2.0,3.0,3.0,2.0,2.0,2.0,3.0,3.0,3.0,2.0,3.0,2.0,3.0,2.0,3.0,3.0,2.0,3.0
214,2.0,3.0,3.0,3.0,3.0,3.0,2.0,3.0,3.0,3.0,2.0,3.0,3.0,3.0,3.0,3.0,3.0,3.0,3.0
215,2.0,4.0,4.0,4.0,3.0,3.0,4.0,4.0,4.0,4.0,4.0,4.0,3.0,4.0,4.0,3.0,4.0,4.0,4.0
216,2.0,2.0,3.0,3.0,3.0,3.0,2.0,3.0,3.0,3.0,2.0,3.0,3.0,3.0,2.0,3.0,3.0,2.0,3.0
217,2.0,3.0,2.0,3.0,2.0,2.0,2.0,2.0,2.0,1.0,2.0,3.0,2.0,1.0,0.0,3.0,3.0,2.0,3.0
218,2.0,4.0,3.0,3.0,3.0,3.0,2.0,3.0,3.0,3.0,2.0,3.0,3.0,3.0,2.0,3.0,3.0,3.0,3.0
219,2.0,2.0,1.0,2.0,1.0,1.0,2.0,1.0,1.0,1.0,2.0,2.0,1.0,1.0,1.0,3.0,2.0,2.0,1.0
220,2.0,2.0,2.0,2.0,2.0,2.0,2.0,2.0,2.0,2.0,2.0,2.0,2.0,2.0,2.0,3.0,2.0,2.0,3.0
221,2.0,2.0,2.0,2.0,2.0,2.0,4.0,3.0,2.0,3.0,4.0,2.0,2.0,4.0,3.0,3.0,1.0,2.0,3.0
222,2.0,5.0,4.0,4.0,4.0,4.0,4.0,4.0,4.0,4.0,4.0,4.0,4.0,4.0,4.0,3.0,4.0,5.0,4.0
223,2.0,2.0,1.0,2.0,1.0,1.0,2.0,1.0,1.0,1.0,2.0,2.0,1.0,1.0,1.0,3.0,2.0,2.0,1.0
224,2.0,4.0,3.0,3.0,3.0,3.0,2.0,3.0,3.0,3.0,2.0,3.0,3.0,3.0,2.0,3.0,3.0,3.0,3.0
225,2.0,2.0,2.0,3.0,3.0,3.0,2.0,3.0,3.0,3.0,2.0,3.0,3.0,3.0,2.0,3.0,3.0,2.0,3.0
226,2.0,8.0,8.0,6.0,8.0,8.0,4.0,8.0,8.0,8.0,4.0,8.0,8.0,8.0,8.0,8.0,8.0,6.0,4.0
227,2.0,2.0,2.0,2.0,2.0,2.0,2.0,2.0,2.0,2.0,2.0,2.0,2.0,2.0,2.0,3.0,2.0,2.0,3.0
228,2.0,1.0,1.0,2.0,2.0,1.0,2.0,1.0,1.0,1.0,2.0,1.0,2.0,1.0,1.0,3.0,1.0,1.0,1.0
229,2.0,4.0,4.0,4.0,4.0,4.0,4.0,3.0,3.0,4.0,4.0,4.0,4.0,4.0,4.0,3.0,4.0,4.0,3.0
230,2.0,5.0,4.0,4.0,4.0,4.0,4.0,4.0,4.0,4.0,4.0,4.0,4.0,4.0,4.0,3.0,4.0,5.0,4.0
231,2.0,5.0,6.0,4.0,6.0,6.0,4.0,6.0,5.0,6.0,4.0,5.0,6.0,6.0,6.0,3.0,5.0,4.0,4.0
232,2.0,3.0,2.0,3.0,2.0,2.0,2.0,2.0,2.0,3.0,2.0,2.0,2.0,3.0,2.0,3.0,2.0,3.0,3.0
233,2.0,3.0,2.0,3.0,2.0,2.0,2.0,2.0,2.0,3.0,2.0,3.0,2.0,3.0,2.0,3.0,2.0,2.0,3.0
234,2.0,2.0,2.0,2.0,2.0,1.0,2.0,1.0,2.0,1.0,2.0,2.0,2.0,1.0,1.0,3.0,2.0,2.0,1.0
235,2.0,3.0,2.0,3.0,2.0,2.0,2.0,2.0,2.0,3.0,2.0,2.0,2.0,3.0,2.0,3.0,2.0,3.0,3.0
236,2.0,3.0,4.0,4.0,3.0,3.0,2.0,3.0,3.0,3.0,2.0,4.0,3.0,3.0,3.0,3.0,4.0,3.0,3.0
237,2.0,3.0,3.0,3.0,3.0,3.0,2.0,3.0,3.0,3.0,2.0,3.0,3.0,3.0,3.0,3.0,3.0,3.0,3.0
238,2.0,2.0,3.0,2.0,3.0,3.0,4.0,3.0,3.0,4.0,4.0,2.0,3.0,4.0,3.0,3.0,2.0,2.0,3.0
239,2.0,3.0,3.0,3.0,3.0,3.0,2.0,3.0,3.0,3.0,2.0,3.0,3.0,3.0,3.0,3.0,3.0,3.0,3.0
240,2.0,3.0,2.0,3.0,2.0,2.0,2.0,2.0,2.0,1.0,2.0,3.0,2.0,1.0,0.0,3.0,3.0,2.0,3.0
241,2.0,2.0,3.0,3.0,3.0,3.0,2.0,3.0,3.0,3.0,2.0,3.0,3.0,3.0,2.0,3.0,3.0,2.0,3.0
242,2.0,2.0,2.0,2.0,2.0,2.0,2.0,2.0,2.0,2.0,2.0,2.0,2.0,2.0,2.0,3.0,2.0,2.0,3.0
243,2.0,2.0,2.0,2.0,2.0,2.0,4.0,3.0,2.0,3.0,4.0,2.0,2.0,4.0,3.0,3.0,1.0,2.0,3.0
244,2.0,4.0,4.0,4.0,3.0,3.0,4.0,4.0,4.0,4.0,4.0,4.0,3.0,4.0,4.0,3.0,4.0,4.0,4.0
245,8.0,4.0,4.0,3.0,5.0,5.0,4.0,5.0,4.0,4.0,4.0,4.0,5.0,4.0,5.0,3.0,4.0,4.0,4.0
246,8.0,8.0,8.0,6.0,8.0,8.0,4.0,8.0,8.0,8.0,4.0,8.0,8.0,8.0,8.0,8.0,8.0,6.0,4.0
247,8.0,6.0,6.0,4.0,6.0,6.0,4.0,6.0,6.0,6.0,4.0,6.0,6.0,6.0,6.0,3.0,6.0,5.0,4.0
248,8.0,8.0,8.0,6.0,8.0,8.0,4.0,8.0,8.0,8.0,4.0,8.0,8.0,8.0,8.0,8.0,8.0,6.0,4.0
249,8.0,8.0,8.0,6.0,8.0,8.0,4.0,8.0,8.0,8.0,4.0,8.0,8.0,8.0,8.0,8.0,8.0,6.0,4.0
250,1.0,1.0,1.0,2.0,2.0,1.0,2.0,1.0,1.0,1.0,2.0,1.0,2.0,1.0,1.0,3.0,1.0,1.0,1.0
251,1.0,1.0,0.0,2.0,0.0,0.0,2.0,1.0,1.0,1.0,2.0,1.0,0.0,0.0,0.0,0.0,1.0,1.0,1.0
252,1.0,1.0,1.0,2.0,2.0,1.0,2.0,1.0,1.0,1.0,2.0,1.0,2.0,1.0,1.0,3.0,1.0,1.0,1.0
253,1.0,3.0,3.0,3.0,3.0,3.0,2.0,3.0,3.0,3.0,2.0,3.0,3.0,3.0,3.0,3.0,3.0,3.0,3.0
254,1.0,3.0,4.0,3.0,4.0,4.0,2.0,3.0,3.0,2.0,2.0,3.0,4.0,3.0,3.0,3.0,3.0,3.0,3.0
255,1.0,1.0,1.0,2.0,2.0,2.0,2.0,2.0,1.0,1.0,2.0,1.0,2.0,2.0,2.0,3.0,1.0,1.0,1.0
256,1.0,2.0,3.0,3.0,2.0,2.0,2.0,3.0,3.0,3.0,2.0,3.0,2.0,3.0,2.0,3.0,3.0,2.0,3.0
257,1.0,2.0,2.0,2.0,2.0,1.0,2.0,1.0,2.0,1.0,2.0,2.0,2.0,1.0,1.0,3.0,2.0,2.0,1.0
258,1.0,3.0,3.0,3.0,3.0,3.0,2.0,3.0,3.0,3.0,2.0,2.0,3.0,3.0,3.0,3.0,2.0,2.0,3.0
259,1.0,1.0,0.0,2.0,0.0,0.0,2.0,1.0,1.0,1.0,2.0,1.0,0.0,0.0,0.0,0.0,1.0,1.0,1.0
260,1.0,3.0,3.0,3.0,3.0,3.0,4.0,3.0,3.0,3.0,4.0,3.0,3.0,4.0,3.0,3.0,3.0,4.0,4.0
261,1.0,2.0,2.0,2.0,2.0,1.0,2.0,1.0,2.0,1.0,2.0,2.0,2.0,1.0,1.0,3.0,2.0,2.0,1.0
262,1.0,1.0,1.0,2.0,1.0,1.0,2.0,1.0,1.0,1.0,2.0,1.0,1.0,1.0,1.0,3.0,1.0,1.0,1.0
263,1.0,3.0,4.0,4.0,3.0,3.0,2.0,3.0,3.0,3.0,2.0,4.0,3.0,3.0,3.0,3.0,4.0,3.0,3.0
264,1.0,2.0,2.0,2.0,2.0,2.0,4.0,3.0,2.0,3.0,4.0,2.0,2.0,4.0,3.0,3.0,1.0,2.0,3.0
265,1.0,1.0,1.0,2.0,1.0,1.0,2.0,1.0,0.0,0.0,2.0,1.0,1.0,0.0,0.0,3.0,1.0,1.0,1.0
266,1.0,4.0,4.0,3.0,4.0,4.0,4.0,5.0,4.0,3.0,4.0,4.0,4.0,4.0,4.0,3.0,4.0,4.0,4.0
267,1.0,2.0,2.0,3.0,3.0,3.0,4.0,3.0,3.0,4.0,4.0,3.0,3.0,4.0,3.0,3.0,3.0,3.0,3.0
268,1.0,1.0,1.0,2.0,1.0,1.0,2.0,1.0,1.0,1.0,2.0,1.0,1.0,1.0,1.0,3.0,1.0,1.0,1.0
269,1.0,2.0,2.0,3.0,3.0,3.0,4.0,3.0,3.0,4.0,4.0,3.0,3.0,4.0,3.0,3.0,3.0,3.0,3.0
270,1.0,2.0,3.0,3.0,2.0,2.0,2.0,3.0,3.0,3.0,2.0,3.0,2.0,3.0,2.0,3.0,3.0,2.0,3.0
271,1.0,3.0,4.0,3.0,4.0,4.0,2.0,3.0,3.0,4.0,2.0,3.0,4.0,3.0,3.0,3.0,3.0,3.0,3.0
272,1.0,2.0,2.0,2.0,2.0,2.0,2.0,2.0,2.0,2.0,2.0,2.0,2.0,2.0,2.0,3.0,2.0,2.0,3.0
273,1.0,2.0,3.0,2.0,3.0,3.0,4.0,3.0,3.0,4.0,4.0,2.0,3.0,4.0,3.0,3.0,2.0,2.0,3.0
274,1.0,2.0,1.0,2.0,1.0,1.0,2.0,1.0,1.0,1.0,2.0,2.0,1.0,1.0,1.0,3.0,2.0,2.0,1.0
275,1.0,2.0,2.0,2.0,2.0,1.0,2.0,1.0,2.0,1.0,2.0,2.0,2.0,1.0,1.0,3.0,2.0,2.0,1.0
276,1.0,3.0,3.0,3.0,3.0,3.0,2.0,3.0,3.0,3.0,2.0,3.0,3.0,3.0,3.0,3.0,3.0,3.0,3.0
277,1.0,3.0,2.0,3.0,2.0,2.0,2.0,2.0,2.0,3.0,2.0,2.0,2.0,3.0,2.0,3.0,2.0,3.0,3.0
278,1.0,3.0,2.0,3.0,2.0,2.0,2.0,2.0,2.0,3.0,2.0,3.0,2.0,3.0,2.0,3.0,2.0,2.0,3.0
279,1.0,1.0,1.0,2.0,1.0,1.0,2.0,1.0,1.0,1.0,2.0,1.0,1.0,1.0,1.0,3.0,1.0,1.0,1.0
280,1.0,3.0,2.0,3.0,2.0,2.0,2.0,2.0,2.0,3.0,2.0,2.0,2.0,3.0,2.0,3.0,2.0,3.0,3.0
281,1.0,1.0,1.0,2.0,2.0,1.0,2.0,1.0,1.0,1.0,2.0,1.0,2.0,1.0,1.0,3.0,1.0,1.0,1.0
282,1.0,3.0,3.0,3.0,3.0,3.0,2.0,3.0,3.0,3.0,2.0,3.0,3.0,3.0,3.0,3.0,3.0,3.0,3.0
283,1.0,2.0,2.0,2.0,2.0,2.0,2.0,2.0,2.0,2.0,2.0,2.0,2.0,2.0,2.0,3.0,2.0,2.0,3.0
284,1.0,4.0,3.0,3.0,3.0,3.0,2.0,3.0,3.0,3.0,2.0,3.0,3.0,3.0,2.0,3.0,3.0,3.0,3.0
285,6.0,4.0,4.0,4.0,3.0,3.0,4.0,4.0,4.0,4.0,4.0,4.0,3.0,4.0,4.0,3.0,4.0,4.0,4.0
286,6.0,4.0,4.0,4.0,4.0,4.0,4.0,4.0,4.0,4.0,4.0,4.0,4.0,4.0,4.0,3.0,4.0,4.0,4.0
287,6.0,5.0,6.0,4.0,6.0,6.0,4.0,5.0,5.0,6.0,4.0,5.0,6.0,4.0,6.0,3.0,5.0,5.0,4.0
288,6.0,6.0,6.0,4.0,6.0,6.0,4.0,6.0,6.0,6.0,4.0,6.0,6.0,6.0,6.0,3.0,6.0,5.0,4.0
289,6.0,4.0,4.0,3.0,4.0,4.0,4.0,5.0,4.0,3.0,4.0,4.0,4.0,4.0,4.0,3.0,4.0,4.0,4.0
290,6.0,2.0,2.0,3.0,3.0,3.0,4.0,3.0,3.0,4.0,4.0,3.0,3.0,4.0,3.0,3.0,3.0,3.0,3.0
291,6.0,5.0,6.0,4.0,6.0,6.0,4.0,6.0,5.0,6.0,4.0,5.0,6.0,6.0,6.0,3.0,5.0,4.0,4.0
292,6.0,3.0,3.0,4.0,4.0,3.0,2.0,3.0,3.0,3.0,2.0,4.0,4.0,3.0,2.0,3.0,4.0,3.0,3.0
293,6.0,5.0,6.0,4.0,6.0,6.0,4.0,6.0,5.0,6.0,4.0,5.0,6.0,6.0,6.0,3.0,5.0,4.0,4.0
294,6.0,3.0,4.0,4.0,3.0,3.0,2.0,3.0,3.0,3.0,2.0,4.0,3.0,3.0,3.0,3.0,4.0,3.0,3.0
295,6.0,5.0,4.0,4.0,4.0,4.0,4.0,4.0,4.0,4.0,4.0,4.0,4.0,4.0,4.0,3.0,4.0,5.0,4.0
296,6.0,6.0,6.0,4.0,6.0,6.0,4.0,6.0,6.0,6.0,4.0,6.0,6.0,6.0,6.0,3.0,6.0,5.0,4.0
297,6.0,4.0,4.0,3.0,4.0,4.0,4.0,5.0,4.0,3.0,4.0,4.0,4.0,4.0,4.0,3.0,4.0,4.0,4.0
298,6.0,5.0,6.0,4.0,6.0,6.0,4.0,5.0,5.0,6.0,4.0,5.0,6.0,4.0,6.0,3.0,5.0,5.0,4.0
299,6.0,6.0,6.0,4.0,6.0,6.0,4.0,6.0,6.0,6.0,4.0,6.0,6.0,6.0,6.0,3.0,6.0,5.0,4.0
300,6.0,6.0,6.0,4.0,6.0,6.0,4.0,6.0,5.0,6.0,4.0,5.0,6.0,6.0,6.0,3.0,5.0,5.0,4.0
301,6.0,3.0,3.0,3.0,3.0,3.0,4.0,3.0,3.0,3.0,4.0,3.0,3.0,4.0,3.0,3.0,3.0,4.0,4.0
302,6.0,5.0,6.0,4.0,6.0,6.0,4.0,6.0,5.0,6.0,4.0,5.0,6.0,6.0,6.0,3.0,5.0,4.0,4.0
303,6.0,4.0,4.0,4.0,4.0,4.0,4.0,4.0,4.0,4.0,4.0,4.0,4.0,4.0,4.0,3.0,4.0,4.0,4.0
304,6.0,6.0,6.0,4.0,6.0,6.0,4.0,6.0,6.0,6.0,4.0,6.0,6.0,6.0,6.0,3.0,6.0,5.0,4.0
305,6.0,6.0,6.0,4.0,6.0,6.0,4.0,6.0,5.0,6.0,4.0,5.0,6.0,6.0,6.0,3.0,5.0,5.0,4.0
306,6.0,5.0,6.0,4.0,6.0,6.0,4.0,5.0,5.0,6.0,4.0,5.0,6.0,4.0,6.0,3.0,5.0,5.0,4.0
307,5.0,5.0,6.0,4.0,6.0,6.0,4.0,6.0,5.0,6.0,4.0,5.0,6.0,6.0,6.0,3.0,5.0,4.0,4.0
308,5.0,5.0,6.0,4.0,6.0,6.0,4.0,6.0,5.0,6.0,4.0,5.0,6.0,6.0,6.0,3.0,5.0,4.0,4.0
309,5.0,4.0,4.0,3.0,5.0,5.0,4.0,5.0,4.0,4.0,4.0,4.0,5.0,4.0,5.0,3.0,4.0,4.0,4.0
310,5.0,3.0,4.0,4.0,3.0,3.0,2.0,3.0,3.0,3.0,2.0,4.0,3.0,3.0,3.0,3.0,4.0,3.0,3.0
311,5.0,6.0,6.0,4.0,6.0,6.0,4.0,6.0,5.0,6.0,4.0,5.0,6.0,6.0,6.0,3.0,5.0,5.0,4.0
312,5.0,3.0,4.0,3.0,4.0,4.0,2.0,3.0,3.0,2.0,2.0,3.0,4.0,3.0,3.0,3.0,3.0,3.0,3.0
313,5.0,5.0,6.0,4.0,6.0,6.0,4.0,6.0,5.0,6.0,4.0,5.0,6.0,6.0,6.0,3.0,5.0,4.0,4.0
314,5.0,3.0,4.0,4.0,3.0,3.0,2.0,3.0,3.0,3.0,2.0,4.0,3.0,3.0,3.0,3.0,4.0,3.0,3.0
315,5.0,4.0,4.0,3.0,4.0,4.0,4.0,5.0,4.0,3.0,4.0,4.0,4.0,4.0,4.0,3.0,4.0,4.0,4.0
316,5.0,4.0,4.0,4.0,4.0,4.0,4.0,4.0,4.0,4.0,4.0,4.0,4.0,4.0,4.0,3.0,4.0,4.0,4.0
317,5.0,2.0,1.0,2.0,1.0,1.0,2.0,1.0,1.0,1.0,2.0,2.0,1.0,1.0,1.0,3.0,2.0,2.0,1.0
318,5.0,4.0,4.0,4.0,4.0,4.0,4.0,3.0,3.0,4.0,4.0,4.0,4.0,4.0,4.0,3.0,4.0,4.0,3.0
319,5.0,2.0,2.0,2.0,2.0,2.0,4.0,3.0,2.0,3.0,4.0,2.0,2.0,4.0,3.0,3.0,1.0,2.0,3.0
320,5.0,6.0,6.0,4.0,6.0,6.0,4.0,6.0,6.0,6.0,4.0,6.0,6.0,6.0,6.0,3.0,6.0,5.0,4.0
321,5.0,3.0,4.0,3.0,4.0,4.0,2.0,3.0,4.0,3.0,2.0,3.0,4.0,3.0,3.0,3.0,3.0,3.0,3.0
322,5.0,3.0,4.0,4.0,3.0,3.0,2.0,3.0,3.0,3.0,2.0,4.0,3.0,3.0,3.0,3.0,4.0,3.0,3.0
323,5.0,4.0,4.0,4.0,4.0,4.0,4.0,4.0,4.0,4.0,4.0,4.0,4.0,4.0,4.0,3.0,4.0,4.0,4.0
324,5.0,1.0,1.0,2.0,2.0,1.0,2.0,1.0,1.0,1.0,2.0,1.0,2.0,1.0,1.0,3.0,1.0,1.0,1.0
325,5.0,4.0,4.0,4.0,4.0,4.0,4.0,4.0,4.0,4.0,4.0,4.0,4.0,4.0,4.0,3.0,4.0,4.0,4.0
326,5.0,4.0,4.0,4.0,3.0,3.0,4.0,4.0,4.0,4.0,4.0,4.0,3.0,4.0,4.0,3.0,4.0,4.0,4.0
327,5.0,5.0,6.0,4.0,6.0,6.0,4.0,6.0,5.0,6.0,4.0,5.0,6.0,6.0,6.0,3.0,5.0,4.0,4.0
328,5.0,8.0,8.0,6.0,8.0,8.0,4.0,8.0,8.0,8.0,4.0,8.0,8.0,8.0,8.0,8.0,8.0,6.0,4.0
329,5.0,4.0,4.0,3.0,4.0,4.0,4.0,4.0,4.0,4.0,4.0,4.0,4.0,4.0,4.0,3.0,4.0,4.0,4.0
330,5.0,2.0,2.0,3.0,3.0,3.0,2.0,3.0,3.0,3.0,2.0,2.0,3.0,3.0,2.0,3.0,2.0,2.0,3.0
331,5.0,4.0,4.0,4.0,4.0,4.0,4.0,4.0,4.0,4.0,4.0,4.0,4.0,4.0,4.0,3.0,4.0,4.0,4.0
332,5.0,3.0,4.0,3.0,4.0,4.0,2.0,3.0,3.0,2.0,2.0,3.0,4.0,3.0,3.0,3.0,3.0,3.0,3.0
333,5.0,1.0,1.0,2.0,2.0,2.0,2.0,2.0,1.0,1.0,2.0,1.0,2.0,2.0,2.0,3.0,1.0,1.0,1.0
334,5.0,5.0,4.0,4.0,4.0,4.0,4.0,4.0,4.0,4.0,4.0,4.0,4.0,4.0,4.0,3.0,4.0,5.0,4.0
335,5.0,5.0,6.0,4.0,6.0,6.0,4.0,5.0,5.0,6.0,4.0,5.0,6.0,4.0,6.0,3.0,5.0,5.0,4.0
336,4.0,4.0,4.0,4.0,4.0,4.0,4.0,4.0,4.0,4.0,4.0,4.0,4.0,4.0,4.0,3.0,4.0,4.0,4.0
337,4.0,3.0,3.0,3.0,3.0,3.0,4.0,3.0,3.0,3.0,4.0,3.0,3.0,4.0,3.0,3.0,3.0,4.0,4.0
338,4.0,2.0,2.0,3.0,3.0,3.0,4.0,3.0,3.0,4.0,4.0,3.0,3.0,4.0,3.0,3.0,3.0,3.0,3.0
339,4.0,6.0,6.0,4.0,6.0,6.0,4.0,6.0,5.0,6.0,4.0,5.0,6.0,6.0,6.0,3.0,5.0,5.0,4.0
340,4.0,4.0,4.0,4.0,4.0,4.0,4.0,3.0,3.0,4.0,4.0,4.0,4.0,4.0,4.0,3.0,4.0,4.0,3.0
341,4.0,0.0,0.0,2.0,0.0,0.0,2.0,0.0,0.0,1.0,2.0,0.0,0.0,0.0,0.0,0.0,0.0,1.0,1.0
342,4.0,3.0,3.0,3.0,3.0,3.0,4.0,3.0,3.0,3.0,4.0,3.0,3.0,4.0,3.0,3.0,3.0,4.0,4.0
343,4.0,4.0,4.0,4.0,4.0,4.0,4.0,4.0,4.0,4.0,4.0,4.0,4.0,4.0,4.0,3.0,4.0,4.0,4.0
344,4.0,6.0,6.0,4.0,6.0,6.0,4.0,6.0,5.0,6.0,4.0,5.0,6.0,6.0,6.0,3.0,5.0,5.0,4.0
345,4.0,4.0,4.0,3.0,4.0,4.0,4.0,5.0,4.0,3.0,4.0,4.0,4.0,4.0,4.0,3.0,4.0,4.0,4.0
346,4.0,2.0,3.0,3.0,3.0,3.0,2.0,3.0,3.0,3.0,2.0,3.0,3.0,3.0,2.0,3.0,3.0,2.0,3.0
347,4.0,3.0,3.0,3.0,3.0,3.0,2.0,3.0,3.0,3.0,2.0,3.0,3.0,3.0,3.0,3.0,3.0,3.0,3.0
348,4.0,2.0,3.0,2.0,3.0,3.0,4.0,3.0,3.0,4.0,4.0,2.0,3.0,4.0,3.0,3.0,2.0,2.0,3.0
349,4.0,4.0,3.0,3.0,3.0,3.0,2.0,3.0,3.0,3.0,2.0,3.0,3.0,3.0,2.0,3.0,3.0,3.0,3.0
350,4.0,3.0,3.0,3.0,3.0,3.0,2.0,3.0,3.0,3.0,2.0,3.0,3.0,3.0,3.0,3.0,3.0,3.0,3.0
351,4.0,3.0,4.0,3.0,4.0,4.0,2.0,3.0,3.0,2.0,2.0,3.0,4.0,3.0,3.0,3.0,3.0,3.0,3.0
352,4.0,3.0,4.0,4.0,3.0,3.0,2.0,3.0,3.0,3.0,2.0,4.0,3.0,3.0,3.0,3.0,4.0,3.0,3.0
353,4.0,2.0,3.0,3.0,3.0,3.0,2.0,3.0,3.0,3.0,2.0,3.0,3.0,3.0,2.0,3.0,3.0,2.0,3.0
354,4.0,1.0,1.0,2.0,2.0,1.0,2.0,1.0,1.0,1.0,2.0,1.0,2.0,1.0,1.0,3.0,1.0,1.0,1.0
355,4.0,3.0,2.0,3.0,2.0,2.0,2.0,2.0,2.0,3.0,2.0,3.0,2.0,3.0,2.0,3.0,2.0,2.0,3.0
356,4.0,2.0,3.0,3.0,2.0,2.0,2.0,3.0,3.0,3.0,2.0,3.0,2.0,3.0,2.0,3.0,3.0,2.0,3.0
357,4.0,4.0,4.0,4.0,3.0,3.0,4.0,4.0,4.0,4.0,4.0,4.0,3.0,4.0,4.0,3.0,4.0,4.0,4.0
358,4.0,2.0,2.0,2.0,2.0,2.0,4.0,3.0,2.0,3.0,4.0,2.0,2.0,4.0,3.0,3.0,1.0,2.0,3.0
359,4.0,4.0,4.0,3.0,4.0,4.0,4.0,4.0,4.0,4.0,4.0,4.0,4.0,4.0,4.0,3.0,4.0,4.0,4.0
360,4.0,4.0,4.0,3.0,5.0,5.0,4.0,5.0,4.0,4.0,4.0,4.0,5.0,4.0,5.0,3.0,4.0,4.0,4.0
361,4.0,4.0,4.0,3.0,4.0,4.0,4.0,4.0,4.0,4.0,4.0,4.0,4.0,4.0,4.0,3.0,4.0,4.0,4.0
362,4.0,3.0,3.0,4.0,4.0,3.0,2.0,3.0,3.0,3.0,2.0,4.0,4.0,3.0,2.0,3.0,4.0,3.0,3.0
363,4.0,4.0,4.0,4.0,4.0,4.0,4.0,3.0,3.0,4.0,4.0,4.0,4.0,4.0,4.0,3.0,4.0,4.0,3.0
364,4.0,4.0,4.0,3.0,4.0,4.0,4.0,4.0,4.0,4.0,4.0,4.0,4.0,4.0,4.0,3.0,4.0,4.0,4.0
365,4.0,3.0,4.0,3.0,4.0,4.0,2.0,3.0,3.0,4.0,2.0,3.0,4.0,3.0,3.0,3.0,3.0,3.0,3.0
366,4.0,3.0,3.0,3.0,3.0,3.0,2.0,3.0,3.0,3.0,2.0,2.0,3.0,3.0,3.0,3.0,2.0,2.0,3.0
367,4.0,3.0,4.0,3.0,4.0,4.0,2.0,3.0,4.0,3.0,2.0,3.0,4.0,3.0,3.0,3.0,3.0,3.0,3.0
368,4.0,3.0,4.0,3.0,4.0,4.0,2.0,3.0,3.0,4.0,2.0,3.0,4.0,3.0,3.0,3.0,3.0,3.0,3.0
369,4.0,4.0,4.0,3.0,4.0,4.0,4.0,5.0,4.0,3.0,4.0,4.0,4.0,4.0,4.0,3.0,4.0,4.0,4.0
370,4.0,2.0,3.0,3.0,3.0,3.0,2.0,3.0,3.0,3.0,2.0,3.0,3.0,3.0,2.0,3.0,3.0,2.0,3.0
371,4.0,3.0,4.0,4.0,3.0,3.0,2.0,3.0,3.0,3.0,2.0,4.0,3.0,3.0,3.0,3.0,4.0,3.0,3.0
372,4.0,4.0,4.0,4.0,4.0,4.0,4.0,3.0,3.0,4.0,4.0,4.0,4.0,4.0,4.0,3.0,4.0,4.0,3.0
373,4.0,3.0,3.0,3.0,3.0,3.0,2.0,3.0,3.0,3.0,2.0,3.0,3.0,3.0,3.0,3.0,3.0,3.0,3.0
374,4.0,3.0,4.0,4.0,3.0,3.0,2.0,3.0,3.0,3.0,2.0,4.0,3.0,3.0,3.0,3.0,4.0,3.0,3.0
375,4.0,5.0,4.0,4.0,4.0,4.0,4.0,4.0,4.0,4.0,4.0,4.0,4.0,4.0,4.0,3.0,4.0,5.0,4.0
376,3.0,3.0,3.0,3.0,3.0,3.0,4.0,3.0,3.0,3.0,4.0,3.0,3.0,4.0,3.0,3.0,3.0,4.0,4.0
377,3.0,3.0,3.0,3.0,3.0,3.0,2.0,3.0,3.0,3.0,2.0,3.0,3.0,3.0,3.0,3.0,3.0,3.0,3.0
378,3.0,3.0,3.0,3.0,3.0,3.0,2.0,3.0,3.0,3.0,2.0,2.0,3.0,3.0,3.0,3.0,2.0,2.0,3.0
379,3.0,2.0,2.0,3.0,3.0,3.0,2.0,3.0,3.0,3.0,2.0,2.0,3.0,3.0,2.0,3.0,2.0,2.0,3.0
380,3.0,6.0,6.0,4.0,6.0,6.0,4.0,6.0,5.0,6.0,4.0,5.0,6.0,6.0,6.0,3.0,5.0,5.0,4.0
381,3.0,1.0,1.0,2.0,1.0,1.0,2.0,1.0,1.0,1.0,2.0,1.0,1.0,1.0,1.0,3.0,1.0,1.0,1.0
382,3.0,4.0,4.0,4.0,3.0,3.0,4.0,4.0,4.0,4.0,4.0,4.0,3.0,4.0,4.0,3.0,4.0,4.0,4.0
383,3.0,4.0,4.0,3.0,4.0,4.0,4.0,5.0,4.0,3.0,4.0,4.0,4.0,4.0,4.0,3.0,4.0,4.0,4.0
384,3.0,2.0,2.0,3.0,3.0,3.0,4.0,3.0,3.0,4.0,4.0,3.0,3.0,4.0,3.0,3.0,3.0,3.0,3.0
385,3.0,4.0,4.0,3.0,5.0,5.0,4.0,5.0,4.0,4.0,4.0,4.0,5.0,4.0,5.0,3.0,4.0,4.0,4.0
386,3.0,4.0,4.0,4.0,4.0,4.0,4.0,4.0,4.0,4.0,4.0,4.0,4.0,4.0,4.0,3.0,4.0,4.0,4.0
387,3.0,4.0,3.0,3.0,3.0,3.0,2.0,3.0,3.0,3.0,2.0,3.0,3.0,3.0,2.0,3.0,3.0,3.0,3.0
388,3.0,3.0,4.0,3.0,4.0,4.0,2.0,3.0,4.0,3.0,2.0,3.0,4.0,3.0,3.0,3.0,3.0,3.0,3.0
389,3.0,3.0,4.0,4.0,3.0,3.0,2.0,3.0,3.0,3.0,2.0,4.0,3.0,3.0,3.0,3.0,4.0,3.0,3.0
390,3.0,3.0,3.0,3.0,3.0,3.0,2.0,3.0,3.0,3.0,2.0,3.0,3.0,3.0,3.0,3.0,3.0,3.0,3.0
391,3.0,2.0,2.0,3.0,3.0,3.0,4.0,3.0,3.0,4.0,4.0,3.0,3.0,4.0,3.0,3.0,3.0,3.0,3.0
392,3.0,3.0,2.0,3.0,2.0,2.0,2.0,2.0,2.0,3.0,2.0,3.0,2.0,3.0,2.0,3.0,2.0,2.0,3.0
393,3.0,4.0,4.0,4.0,4.0,4.0,4.0,3.0,3.0,4.0,4.0,4.0,4.0,4.0,4.0,3.0,4.0,4.0,3.0
394,3.0,3.0,3.0,3.0,3.0,3.0,2.0,3.0,3.0,3.0,2.0,3.0,3.0,3.0,3.0,3.0,3.0,3.0,3.0
395,3.0,1.0,0.0,2.0,0.0,0.0,2.0,1.0,1.0,1.0,2.0,1.0,0.0,0.0,0.0,0.0,1.0,1.0,1.0
396,3.0,2.0,2.0,2.0,2.0,1.0,2.0,1.0,2.0,1.0,2.0,2.0,2.0,1.0,1.0,3.0,2.0,2.0,1.0
397,3.0,3.0,3.0,3.0,3.0,3.0,2.0,3.0,3.0,3.0,2.0,3.0,3.0,3.0,3.0,3.0,3.0,3.0,3.0
398,3.0,3.0,4.0,3.0,4.0,4.0,2.0,3.0,3.0,4.0,2.0,3.0,4.0,3.0,3.0,3.0,3.0,3.0,3.0
399,3.0,5.0,6.0,4.0,6.0,6.0,4.0,5.0,5.0,6.0,4.0,5.0,6.0,4.0,6.0,3.0,5.0,5.0,4.0
400,3.0,4.0,4.0,4.0,4.0,4.0,4.0,4.0,4.0,4.0,4.0,4.0,4.0,4.0,4.0,3.0,4.0,4.0,4.0
401,3.0,4.0,4.0,4.0,4.0,4.0,4.0,4.0,4.0,4.0,4.0,4.0,4.0,4.0,4.0,3.0,4.0,4.0,4.0
402,3.0,2.0,2.0,2.0,2.0,2.0,4.0,3.0,2.0,3.0,4.0,2.0,2.0,4.0,3.0,3.0,1.0,2.0,3.0
403,3.0,3.0,2.0,3.0,2.0,2.0,2.0,2.0,2.0,3.0,2.0,3.0,2.0,3.0,2.0,3.0,2.0,2.0,3.0
404,3.0,2.0,2.0,3.0,3.0,3.0,4.0,3.0,3.0,4.0,4.0,3.0,3.0,4.0,3.0,3.0,3.0,3.0,3.0
405,3.0,4.0,4.0,4.0,4.0,4.0,4.0,3.0,3.0,4.0,4.0,4.0,4.0,4.0,4.0,3.0,4.0,4.0,3.0
406,3.0,3.0,3.0,3.0,3.0,3.0,2.0,3.0,3.0,3.0,2.0,3.0,3.0,3.0,3.0,3.0,3.0,3.0,3.0
407,3.0,2.0,3.0,2.0,3.0,3.0,4.0,3.0,3.0,4.0,4.0,2.0,3.0,4.0,3.0,3.0,2.0,2.0,3.0
408,3.0,2.0,3.0,3.0,2.0,2.0,2.0,3.0,3.0,3.0,2.0,3.0,2.0,3.0,2.0,3.0,3.0,2.0,3.0
409,3.0,2.0,3.0,2.0,3.0,3.0,4.0,3.0,3.0,4.0,4.0,2.0,3.0,4.0,3.0,3.0,2.0,2.0,3.0
410,3.0,4.0,4.0,3.0,4.0,4.0,4.0,5.0,4.0,3.0,4.0,4.0,4.0,4.0,4.0,3.0,4.0,4.0,4.0
411,3.0,4.0,4.0,4.0,4.0,4.0,4.0,4.0,4.0,4.0,4.0,4.0,4.0,4.0,4.0,3.0,4.0,4.0,4.0
412,3.0,2.0,2.0,3.0,3.0,3.0,4.0,3.0,3.0,4.0,4.0,3.0,3.0,4.0,3.0,3.0,3.0,3.0,3.0
413,3.0,4.0,4.0,3.0,4.0,4.0,4.0,4.0,4.0,4.0,4.0,4.0,4.0,4.0,4.0,3.0,4.0,4.0,4.0
414,3.0,3.0,3.0,3.0,3.0,3.0,2.0,3.0,3.0,3.0,2.0,3.0,3.0,3.0,3.0,3.0,3.0,3.0,3.0
415,3.0,1.0,1.0,2.0,2.0,2.0,2.0,2.0,1.0,1.0,2.0,1.0,2.0,2.0,2.0,3.0,1.0,1.0,1.0
416,3.0,3.0,3.0,3.0,3.0,3.0,4.0,3.0,3.0,3.0,4.0,3.0,3.0,4.0,3.0,3.0,3.0,4.0,4.0
417,3.0,4.0,3.0,3.0,3.0,3.0,2.0,3.0,3.0,3.0,2.0,3.0,3.0,3.0,2.0,3.0,3.0,3.0,3.0
418,3.0,2.0,2.0,3.0,3.0,3.0,2.0,3.0,3.0,3.0,2.0,3.0,3.0,3.0,2.0,3.0,3.0,2.0,3.0
419,0.0,1.0,1.0,2.0,1.0,1.0,2.0,1.0,1.0,1.0,2.0,1.0,1.0,1.0,1.0,3.0,1.0,1.0,1.0
420,0.0,1.0,0.0,2.0,0.0,0.0,2.0,1.0,1.0,1.0,2.0,1.0,0.0,0.0,0.0,0.0,1.0,1.0,1.0
421,0.0,3.0,2.0,3.0,2.0,2.0,2.0,2.0,2.0,3.0,2.0,3.0,2.0,3.0,2.0,3.0,2.0,2.0,3.0
422,0.0,0.0,0.0,2.0,0.0,0.0,2.0,0.0,0.0,1.0,2.0,0.0,0.0,0.0,0.0,0.0,0.0,1.0,1.0
423,0.0,0.0,0.0,2.0,0.0,0.0,2.0,0.0,0.0,1.0,2.0,0.0,0.0,0.0,0.0,0.0,0.0,1.0,1.0
424,0.0,1.0,1.0,2.0,1.0,1.0,2.0,1.0,0.0,0.0,2.0,1.0,1.0,0.0,0.0,3.0,1.0,1.0,1.0
425,0.0,0.0,0.0,2.0,0.0,0.0,2.0,0.0,0.0,1.0,2.0,0.0,0.0,0.0,0.0,0.0,0.0,1.0,1.0
426,0.0,1.0,1.0,2.0,2.0,1.0,2.0,1.0,1.0,1.0,2.0,1.0,2.0,1.0,1.0,3.0,1.0,1.0,1.0
427,0.0,3.0,2.0,3.0,2.0,2.0,2.0,2.0,2.0,3.0,2.0,3.0,2.0,3.0,2.0,3.0,2.0,2.0,3.0
428,0.0,2.0,2.0,2.0,2.0,2.0,2.0,2.0,2.0,2.0,2.0,2.0,2.0,2.0,2.0,3.0,2.0,2.0,3.0
429,0.0,0.0,0.0,2.0,0.0,0.0,2.0,0.0,0.0,1.0,2.0,0.0,0.0,0.0,0.0,0.0,0.0,1.0,1.0
430,0.0,3.0,2.0,3.0,2.0,2.0,2.0,2.0,2.0,1.0,2.0,3.0,2.0,1.0,0.0,3.0,3.0,2.0,3.0
431,0.0,3.0,2.0,3.0,2.0,2.0,2.0,2.0,2.0,1.0,2.0,3.0,2.0,1.0,0.0,3.0,3.0,2.0,3.0
432,0.0,2.0,3.0,2.0,3.0,3.0,4.0,3.0,3.0,4.0,4.0,2.0,3.0,4.0,3.0,3.0,2.0,2.0,3.0
433,0.0,0.0,0.0,2.0,0.0,0.0,2.0,0.0,0.0,1.0,2.0,0.0,0.0,0.0,0.0,0.0,0.0,1.0,1.0
434,0.0,3.0,2.0,3.0,2.0,2.0,2.0,2.0,2.0,1.0,2.0,3.0,2.0,1.0,0.0,3.0,3.0,2.0,3.0
435,0.0,0.0,0.0,2.0,0.0,0.0,2.0,0.0,0.0,1.0,2.0,0.0,0.0,0.0,0.0,0.0,0.0,1.0,1.0
436,0.0,3.0,2.0,3.0,2.0,2.0,2.0,2.0,2.0,3.0,2.0,3.0,2.0,3.0,2.0,3.0,2.0,2.0,3.0
437,0.0,3.0,4.0,4.0,3.0,3.0,2.0,3.0,3.0,3.0,2.0,4.0,3.0,3.0,3.0,3.0,4.0,3.0,3.0
438,0.0,1.0,0.0,2.0,0.0,0.0,2.0,1.0,1.0,1.0,2.0,1.0,0.0,0.0,0.0,0.0,1.0,1.0,1.0
439,0.0,2.0,1.0,2.0,1.0,1.0,2.0,1.0,1.0,1.0,2.0,2.0,1.0,1.0,1.0,3.0,2.0,2.0,1.0
440,0.0,4.0,4.0,4.0,4.0,4.0,4.0,3.0,3.0,4.0,4.0,4.0,4.0,4.0,4.0,3.0,4.0,4.0,3.0
441,0.0,1.0,0.0,2.0,0.0,0.0,2.0,1.0,1.0,1.0,2.0,1.0,0.0,0.0,0.0,0.0,1.0,1.0,1.0
442,7.0,4.0,4.0,3.0,4.0,4.0,4.0,4.0,4.0,4.0,4.0,4.0,4.0,4.0,4.0,3.0,4.0,4.0,4.0
443,7.0,5.0,6.0,4.0,6.0,6.0,4.0,6.0,5.0,6.0,4.0,5.0,6.0,6.0,6.0,3.0,5.0,4.0,4.0
444,7.0,6.0,6.0,4.0,6.0,6.0,4.0,6.0,6.0,6.0,4.0,6.0,6.0,6.0,6.0,3.0,6.0,5.0,4.0
445,7.0,8.0,8.0,6.0,8.0,8.0,4.0,8.0,8.0,8.0,4.0,8.0,8.0,8.0,8.0,8.0,8.0,6.0,4.0
446,7.0,6.0,6.0,4.0,6.0,6.0,4.0,6.0,6.0,6.0,4.0,6.0,6.0,6.0,6.0,3.0,6.0,5.0,4.0
447,7.0,6.0,6.0,4.0,6.0,6.0,4.0,6.0,6.0,6.0,4.0,6.0,6.0,6.0,6.0,3.0,6.0,5.0,4.0
448,7.0,5.0,6.0,4.0,6.0,6.0,4.0,5.0,5.0,6.0,4.0,5.0,6.0,4.0,6.0,3.0,5.0,5.0,4.0
449,7.0,4.0,4.0,3.0,5.0,5.0,4.0,5.0,4.0,4.0,4.0,4.0,5.0,4.0,5.0,3.0,4.0,4.0,4.0
450,2.0,3.0,2.0,3.0,2.0,2.0,2.0,2.0,2.0,1.0,2.0,3.0,2.0,1.0,0.0,3.0,3.0,2.0,3.0
451,2.0,3.0,2.0,3.0,2.0,2.0,2.0,2.0,2.0,1.0,2.0,3.0,2.0,1.0,0.0,3.0,3.0,2.0,3.0
452,2.0,3.0,2.0,3.0,2.0,2.0,2.0,2.0,2.0,3.0,2.0,3.0,2.0,3.0,2.0,3.0,2.0,2.0,3.0
453,2.0,2.0,2.0,2.0,2.0,2.0,2.0,2.0,2.0,2.0,2.0,2.0,2.0,2.0,2.0,3.0,2.0,2.0,3.0
454,2.0,2.0,1.0,2.0,1.0,1.0,2.0,1.0,1.0,1.0,2.0,2.0,1.0,1.0,1.0,3.0,2.0,2.0,1.0
455,2.0,3.0,4.0,3.0,4.0,4.0,2.0,3.0,3.0,2.0,2.0,3.0,4.0,3.0,3.0,3.0,3.0,3.0,3.0
456,2.0,1.0,1.0,2.0,2.0,1.0,2.0,1.0,1.0,1.0,2.0,1.0,2.0,1.0,1.0,3.0,1.0,1.0,1.0
457,2.0,2.0,2.0,2.0,2.0,2.0,2.0,2.0,2.0,2.0,2.0,2.0,2.0,2.0,2.0,3.0,2.0,2.0,3.0
458,2.0,3.0,3.0,3.0,3.0,3.0,2.0,3.0,3.0,3.0,2.0,2.0,3.0,3.0,3.0,3.0,2.0,2.0,3.0
459,2.0,4.0,4.0,4.0,3.0,3.0,4.0,4.0,4.0,4.0,4.0,4.0,3.0,4.0,4.0,3.0,4.0,4.0,4.0
460,2.0,2.0,3.0,3.0,3.0,3.0,2.0,3.0,3.0,3.0,2.0,3.0,3.0,3.0,2.0,3.0,3.0,2.0,3.0
461,2.0,2.0,2.0,3.0,3.0,3.0,2.0,3.0,3.0,3.0,2.0,2.0,3.0,3.0,2.0,3.0,2.0,2.0,3.0
462,2.0,3.0,3.0,3.0,3.0,3.0,4.0,3.0,3.0,3.0,4.0,3.0,3.0,4.0,3.0,3.0,3.0,4.0,4.0
463,2.0,4.0,4.0,4.0,4.0,4.0,4.0,4.0,4.0,4.0,4.0,4.0,4.0,4.0,4.0,3.0,4.0,4.0,4.0
464,2.0,3.0,3.0,4.0,4.0,3.0,2.0,3.0,3.0,3.0,2.0,4.0,4.0,3.0,2.0,3.0,4.0,3.0,3.0
465,2.0,2.0,3.0,3.0,2.0,2.0,2.0,3.0,3.0,3.0,2.0,3.0,2.0,3.0,2.0,3.0,3.0,2.0,3.0
466,2.0,2.0,2.0,2.0,2.0,2.0,4.0,3.0,2.0,3.0,4.0,2.0,2.0,4.0,3.0,3.0,1.0,2.0,3.0
467,2.0,1.0,1.0,2.0,2.0,1.0,2.0,1.0,1.0,1.0,2.0,1.0,2.0,1.0,1.0,3.0,1.0,1.0,1.0
468,2.0,4.0,4.0,3.0,4.0,4.0,4.0,4.0,4.0,4.0,4.0,4.0,4.0,4.0,4.0,3.0,4.0,4.0,4.0
469,2.0,3.0,4.0,3.0,4.0,4.0,2.0,3.0,3.0,4.0,2.0,3.0,4.0,3.0,3.0,3.0,3.0,3.0,3.0
470,2.0,3.0,4.0,3.0,4.0,4.0,2.0,3.0,4.0,3.0,2.0,3.0,4.0,3.0,3.0,3.0,3.0,3.0,3.0
471,2.0,1.0,1.0,2.0,1.0,1.0,2.0,1.0,1.0,1.0,2.0,1.0,1.0,1.0,1.0,3.0,1.0,1.0,1.0
472,2.0,4.0,4.0,4.0,4.0,4.0,4.0,4.0,4.0,4.0,4.0,4.0,4.0,4.0,4.0,3.0,4.0,4.0,4.0
473,2.0,4.0,3.0,3.0,3.0,3.0,2.0,3.0,3.0,3.0,2.0,3.0,3.0,3.0,2.0,3.0,3.0,3.0,3.0
474,2.0,2.0,3.0,3.0,3.0,3.0,2.0,3.0,3.0,3.0,2.0,3.0,3.0,3.0,2.0,3.0,3.0,2.0,3.0
475,2.0,0.0,0.0,2.0,0.0,0.0,2.0,0.0,0.0,1.0,2.0,0.0,0.0,0.0,0.0,0.0,0.0,1.0,1.0
476,2.0,3.0,3.0,3.0,3.0,3.0,2.0,3.0,3.0,3.0,2.0,3.0,3.0,3.0,3.0,3.0,3.0,3.0,3.0
477,2.0,2.0,2.0,3.0,3.0,3.0,2.0,3.0,3.0,3.0,2.0,2.0,3.0,3.0,2.0,3.0,2.0,2.0,3.0
478,2.0,1.0,1.0,2.0,2.0,1.0,2.0,1.0,1.0,1.0,2.0,1.0,2.0,1.0,1.0,3.0,1.0,1.0,1.0
479,2.0,3.0,3.0,4.0,4.0,3.0,2.0,3.0,3.0,3.0,2.0,4.0,4.0,3.0,2.0,3.0,4.0,3.0,3.0
480,2.0,1.0,1.0,2.0,2.0,2.0,2.0,2.0,1.0,1.0,2.0,1.0,2.0,2.0,2.0,3.0,1.0,1.0,1.0
481,2.0,1.0,1.0,2.0,1.0,1.0,2.0,1.0,1.0,1.0,2.0,1.0,1.0,1.0,1.0,3.0,1.0,1.0,1.0
482,2.0,1.0,1.0,2.0,2.0,1.0,2.0,1.0,1.0,1.0,2.0,1.0,2.0,1.0,1.0,3.0,1.0,1.0,1.0
483,2.0,3.0,4.0,3.0,4.0,4.0,2.0,3.0,4.0,3.0,2.0,3.0,4.0,3.0,3.0,3.0,3.0,3.0,3.0
484,2.0,2.0,2.0,3.0,3.0,3.0,2.0,3.0,3.0,3.0,2.0,3.0,3.0,3.0,2.0,3.0,3.0,2.0,3.0
485,2.0,3.0,4.0,4.0,3.0,3.0,2.0,3.0,3.0,3.0,2.0,4.0,3.0,3.0,3.0,3.0,4.0,3.0,3.0
486,2.0,3.0,4.0,4.0,3.0,3.0,2.0,3.0,3.0,3.0,2.0,4.0,3.0,3.0,3.0,3.0,4.0,3.0,3.0
487,2.0,2.0,3.0,3.0,2.0,2.0,2.0,3.0,3.0,3.0,2.0,3.0,2.0,3.0,2.0,3.0,3.0,2.0,3.0
488,2.0,1.0,1.0,2.0,1.0,1.0,2.0,1.0,0.0,0.0,2.0,1.0,1.0,0.0,0.0,3.0,1.0,1.0,1.0
489,2.0,4.0,3.0,3.0,3.0,3.0,2.0,3.0,3.0,3.0,2.0,3.0,3.0,3.0,2.0,3.0,3.0,3.0,3.0
490,2.0,2.0,2.0,2.0,2.0,1.0,2.0,1.0,2.0,1.0,2.0,2.0,2.0,1.0,1.0,3.0,2.0,2.0,1.0
491,2.0,2.0,2.0,3.0,3.0,3.0,4.0,3.0,3.0,4.0,4.0,3.0,3.0,4.0,3.0,3.0,3.0,3.0,3.0
492,2.0,1.0,1.0,2.0,2.0,1.0,2.0,1.0,1.0,1.0,2.0,1.0,2.0,1.0,1.0,3.0,1.0,1.0,1.0
493,2.0,2.0,2.0,3.0,3.0,3.0,2.0,3.0,3.0,3.0,2.0,3.0,3.0,3.0,2.0,3.0,3.0,2.0,3.0
494,2.0,1.0,1.0,2.0,2.0,2.0,2.0,2.0,1.0,1.0,2.0,1.0,2.0,2.0,2.0,3.0,1.0,1.0,1.0
495,8.0,8.0,8.0,6.0,8.0,8.0,4.0,8.0,8.0,8.0,4.0,8.0,8.0,8.0,8.0,8.0,8.0,6.0,4.0
496,8.0,4.0,4.0,4.0,4.0,4.0,4.0,3.0,3.0,4.0,4.0,4.0,4.0,4.0,4.0,3.0,4.0,4.0,3.0
497,8.0,8.0,8.0,6.0,8.0,8.0,4.0,8.0,8.0,8.0,4.0,8.0,8.0,8.0,8.0,8.0,8.0,6.0,4.0
498,8.0,8.0,8.0,6.0,8.0,8.0,4.0,8.0,8.0,8.0,4.0,8.0,8.0,8.0,8.0,8.0,8.0,6.0,4.0
499,8.0,8.0,8.0,6.0,8.0,8.0,4.0,8.0,8.0,8.0,4.0,8.0,8.0,8.0,8.0,8.0,8.0,6.0,4.0
